Workbook

Sheet Method Plan
A1: CS867 Assignment 1 - Method Plan
A2: Apply to Chest.bmp and Skeleton.bmp separately; tune parameters per image.
A4: Part | B4: Method | C4: Pipeline / Steps | D4: Main Purpose | E4: Key Parameters (start values) | F4: Risks / Artifacts
A5: (a) Spatial only | B5: Final spatial | C5: Percentile stretch (1-99%) -> gamma -> CLAHE -> bilateral/median denoise -> unsharp mask | D5: Improve local contrast and visible detail | E5: gamma 0.6-1.2; CLAHE clip 1.5-3.0, 8x8 tiles; unsharp sigma 1-2, k 0.5-1.2 | F5: Noise amplification (CLAHE), halos (unsharp)
A6: (a) Spatial only | B6: Baseline | C6: Global histogram equalization | D6: Reference for comparison | E6: None | F6: Over-enhancement, washed-out regions
A7: (b) Fourier only | B7: Final Fourier | C7: Gaussian / Butterworth high-frequency emphasis: H = a + b*H_HP | D7: Boost selected frequencies while keeping low-frequency content | E7: a 0.5-1.0; b 1.0-2.0; D0 20-60; Butterworth order n = 1 or 2 | F7: Ringing if cutoff too sharp or n too high
A8: (b) Fourier only | B8: Baseline (negative result) | C8: Plain Gaussian / ideal high-pass | D8: Show why removing low frequencies darkens image | E8: D0 20-60 | F8: Dark edge-only image, noise amplification
A9: (b) Fourier only | B9: Extra experiment (optional) | C9: Homomorphic filter: log -> FFT -> H -> IFFT -> exp | D9: Correct uneven illumination | E9: gamma_L 0.5-0.9; gamma_H 1.2-2.0; c = 1; several D0 | F9: Can over-flatten brightness
A10: (c) Hybrid 1 | B10: Sequential | C10: Homomorphic -> percentile stretch -> CLAHE -> mild unsharp -> blend with original | D10: Fix illumination first, then local detail | E10: alpha 0.7 / 0.8 / 0.9 (I = alpha*processed + (1-alpha)*original) | F10: Higher cost; many parameters to tune
A11: (c) Hybrid 2 | B11: Weighted fusion | C11: I = w*I_spatial + (1-w)*I_fourier | D11: Test whether complementary outputs balance better | E11: w 0.5 / 0.6 / 0.7 | F11: Can blur both methods' strengths
A12: (d) Analysis | B12: Comparison | C12: Visuals, histograms, FFT spectra, filter masks, zoomed crops, metrics, runtime | D12: Defend which method is best and why | E12: Same metrics for all outputs | F12: Metrics reward noise; PSNR/SSIM vs original not valid quality measures

Sheet Parameter Sweep
A1: Parameter Sweep Log
A2: Blue cells = your inputs. Fill Chosen? with Yes after visual inspection (do not choose by score alone).
A4: Parameter | B4: Method | C4: Values to test | D4: Chest best | E4: Skeleton best | F4: Notes (artifacts seen)
A5: Gamma | B5: Spatial | C5: 0.6, 0.8, 1.0, 1.2 | D5: 0.8 | E5: 0.6
A6: CLAHE clip limit | B6: Spatial | C6: 1.5, 2.0, 3.0 | D6: 1.5 | E6: 1.5
A7: Unsharp amount k | B7: Spatial | C7: 0.5, 0.8, 1.0 | D7: 0.7 | E7: 0.7
A8: Unsharp sigma | B8: Spatial | C8: 1, 1.5, 2 | D8: 1.5 | E8: 1.5
A9: Cutoff D0 (proportional to image size) | B9: Fourier | C9: several, e.g. 2%, 5%, 10% of min(H,W) | D9: 5% of min(H,W) | E9: 5% of min(H,W)
A10: Butterworth order n | B10: Fourier | C10: 1, 2 | D10: Butterworth n=2 | E10: Butterworth n=2
A11: HFE a / b | B11: Fourier | C11: a 0.5-1.0, b 1.0-2.0 | D11: a=0.8, b=1.5 | E11: a=0.8, b=1.5
A12: Homomorphic gamma_L / gamma_H | B12: Hybrid 1 | C12: 0.5-0.9 / 1.2-2.0 | D12: gL 0.6 / gH 1.4 (eps 0.1) | E12: gL 0.6 / gH 1.4 (eps 0.3)
A13: Blend alpha | B13: Hybrid 1 | C13: 0.7, 0.8, 0.9 | D13: 0.8 | E13: 0.8
A14: Fusion weight w | B14: Hybrid 2 | C14: 0.5, 0.6, 0.7 | D14: 0.6 | E14: 0.6
F15: Chosen by sweep + visual inspection. Chest also uses Gaussian pre-smoothing (sigma 1.0 spatial, 1.8 hybrid) to dither the coarse intensity quantisation of the palette BMP. Full sweeps: sweeps.csv

Sheet Runtime
A1: Runtime Log (ms)
A2: Run each method 15 times, exclude loading/plotting/saving. Median is computed by formula.
A4: Image | B4: Method | C4: Run 1 | D4: Run 2 | E4: Run 3 | F4: Run 4 | G4: Run 5 | H4: Run 6 | I4: Run 7 | J4: Run 8 | K4: Run 9 | L4: Run 10 | M4: Run 11 | N4: Run 12 | O4: Run 13 | P4: Run 14 | Q4: Run 15 | R4: Median (ms)
A5: Chest | B5: Histogram equalization | C5: 1.54 | D5: 2.23 | E5: 1.18 | F5: 1.08 | G5: 1.28 | H5: 1.34 | I5: 1.36 | J5: 1.35 | K5: 1.38 | L5: 1.3 | M5: 1.28 | N5: 1.31 | O5: 1.61 | P5: 1.33 | Q5: 1.27 | R5: =IF(COUNT(C5:Q5)=0,"",MEDIAN(C5:Q5))
A6: Chest | B6: Spatial (final) | C6: 15.51 | D6: 15.17 | E6: 14.46 | F6: 13.92 | G6: 14.51 | H6: 14.3 | I6: 13.52 | J6: 14.16 | K6: 14.34 | L6: 14 | M6: 14.14 | N6: 14.9 | O6: 14.24 | P6: 14.27 | Q6: 15.31 | R6: =IF(COUNT(C6:Q6)=0,"",MEDIAN(C6:Q6))
A7: Chest | B7: Gaussian high-pass | C7: 79.33 | D7: 83.8 | E7: 83.44 | F7: 80.63 | G7: 83.53 | H7: 85.36 | I7: 82.76 | J7: 83.84 | K7: 84.24 | L7: 83.66 | M7: 84.02 | N7: 86.93 | O7: 85.42 | P7: 90.57 | Q7: 86.04 | R7: =IF(COUNT(C7:Q7)=0,"",MEDIAN(C7:Q7))
A8: Chest | B8: Fourier HFE (final) | C8: 93.35 | D8: 88.07 | E8: 96.58 | F8: 101.91 | G8: 97.27 | H8: 97.42 | I8: 95.54 | J8: 92.65 | K8: 95.78 | L8: 96.83 | M8: 96.96 | N8: 98.29 | O8: 92.01 | P8: 92.87 | Q8: 96.15 | R8: =IF(COUNT(C8:Q8)=0,"",MEDIAN(C8:Q8))
A9: Chest | B9: Homomorphic | C9: 96.35 | D9: 84.12 | E9: 85.97 | F9: 84.15 | G9: 82.91 | H9: 85.22 | I9: 96.95 | J9: 82.72 | K9: 82.08 | L9: 84.97 | M9: 90.96 | N9: 87.43 | O9: 86.22 | P9: 86 | Q9: 86.53 | R9: =IF(COUNT(C9:Q9)=0,"",MEDIAN(C9:Q9))
A10: Chest | B10: Hybrid 1 (sequential) | C10: 104.46 | D10: 106.38 | E10: 104.83 | F10: 105.46 | G10: 106.34 | H10: 104.16 | I10: 104.34 | J10: 108.36 | K10: 108.6 | L10: 109.44 | M10: 109.8 | N10: 109.72 | O10: 110.99 | P10: 107.5 | Q10: 107.17 | R10: =IF(COUNT(C10:Q10)=0,"",MEDIAN(C10:Q10))
A11: Chest | B11: Hybrid 2 (fusion) | C11: 109.37 | D11: 103.78 | E11: 111.53 | F11: 116.31 | G11: 112.27 | H11: 112.36 | I11: 109.62 | J11: 107.36 | K11: 110.73 | L11: 111.41 | M11: 111.63 | N11: 113.74 | O11: 106.82 | P11: 107.69 | Q11: 112.04 | R11: =IF(COUNT(C11:Q11)=0,"",MEDIAN(C11:Q11))
A12: Skeleton | B12: Histogram equalization | C12: 1.55 | D12: 4.17 | E12: 1.54 | F12: 1.46 | G12: 1.46 | H12: 2.39 | I12: 1.5 | J12: 1.47 | K12: 1.48 | L12: 1.48 | M12: 1.48 | N12: 1.52 | O12: 1.31 | P12: 1.31 | Q12: 1.47 | R12: =IF(COUNT(C12:Q12)=0,"",MEDIAN(C12:Q12))
A13: Skeleton | B13: Spatial (final) | C13: 14.31 | D13: 12.99 | E13: 13.59 | F13: 13.46 | G13: 13.17 | H13: 13.08 | I13: 14.26 | J13: 13.81 | K13: 14.05 | L13: 13.13 | M13: 13.5 | N13: 13.37 | O13: 13.55 | P13: 14.96 | Q13: 15.46 | R13: =IF(COUNT(C13:Q13)=0,"",MEDIAN(C13:Q13))
A14: Skeleton | B14: Gaussian high-pass | C14: 46.79 | D14: 44.67 | E14: 48.07 | F14: 45.93 | G14: 47.98 | H14: 45.92 | I14: 45.78 | J14: 45.32 | K14: 46.39 | L14: 46.97 | M14: 46.16 | N14: 45.78 | O14: 49 | P14: 46.48 | Q14: 48.67 | R14: =IF(COUNT(C14:Q14)=0,"",MEDIAN(C14:Q14))
A15: Skeleton | B15: Fourier HFE (final) | C15: 62.65 | D15: 59.17 | E15: 56.38 | F15: 58.43 | G15: 54.05 | H15: 57.17 | I15: 56.3 | J15: 58.69 | K15: 56.74 | L15: 57.63 | M15: 55.43 | N15: 59 | O15: 54.98 | P15: 58.6 | Q15: 56.4 | R15: =IF(COUNT(C15:Q15)=0,"",MEDIAN(C15:Q15))
A16: Skeleton | B16: Homomorphic | C16: 52.57 | D16: 51.68 | E16: 52.9 | F16: 52.29 | G16: 53.43 | H16: 52.49 | I16: 52.91 | J16: 52.26 | K16: 52.52 | L16: 52.47 | M16: 50.74 | N16: 53.48 | O16: 53.56 | P16: 55.69 | Q16: 51.41 | R16: =IF(COUNT(C16:Q16)=0,"",MEDIAN(C16:Q16))
... A18: Skeleton | B18: Hybrid 2 (fusion) | C18: 77.45 | D18: 72.73 | E18: 70.55 | F18: 72.42 | G18: 67.69 | H18: 70.75 | I18: 71.1 | J18: 72.95 | K18: 71.26 | L18: 71.22 | M18: 69.39 | N18: 72.83 | O18: 68.98 | P18: 74.02 | Q18: 72.32 | R18: =IF(COUNT(C18:Q18)=0,"",MEDIAN(C18:Q18))
A20: Median of 15 runs after warm-up (main.py), measured on the BMP inputs. Hybrid 2 = END-TO-END cost incl. producing both inputs, taken as the median of the per-run totals; fusion step alone: Chest 0.545 ms, Skeleton 0.465 ms. Absolute timings are hardware/library dependent; the ordering is the meaningful result.

Sheet Metrics
A1: Metrics Comparison
A2: Blue cells = values from compute_metrics(). Runtime pulls from Runtime sheet. % changes are formulas vs the Original row of the same image.
A4: Image | B4: Method | C4: Mean | D4: Std dev (contrast) | E4: Entropy | F4: Avg gradient | G4: Tenengrad (Sobel) | H4: Runtime (ms) | I4: Contrast change vs original | J4: Entropy change vs original | K4: Edge change vs original | L4: Visual notes (noise / halo / ringing / saturation) | M4: Noise sigma (Immerkaer) | N4: Edge density (Canny)
A5: Chest | B5: Original | C5: 0.2329 | D5: 0.2197 | E5: 6.8044 | F5: 0.0041 | G5: 0.0452 | H5: n/a | I5: n/a | J5: n/a | K5: n/a | M5: 0.0006 | N5: 0.0005
A6: Chest | B6: Histogram equalization | C6: 0.5089 | D6: 0.2803 | E6: 6.59 | F6: 0.0076 | G6: 0.0833 | H6: =Runtime!R5 | I6: =IF(OR(D6="",D$5=""),"",D6/D$5-1) | J6: =IF(OR(E6="",E$5=""),"",E6/E$5-1) | K6: =IF(OR(G6="",G$5=""),"",G6/G$5-1) | L6: Fastest; over-brightens, exposes posterisation of the coarsely quantised dark lung field | M6: 0.0015 | N6: 0.0313
A7: Chest | B7: Spatial (final) | C7: 0.3563 | D7: 0.2898 | E7: 7.6901 | F7: 0.0073 | G7: 0.0808 | H7: =Runtime!R6 | I7: =IF(OR(D7="",D$5=""),"",D7/D$5-1) | J7: =IF(OR(E7="",E$5=""),"",E7/E$5-1) | K7: =IF(OR(G7="",G$5=""),"",G7/G$5-1) | L7: Natural, clean; ribs/vessels clearer; light pre-blur dithers the 219-level palette quantisation | M7: 0.0017 | N7: 0.0063
A8: Chest | B8: Gaussian high-pass | C8: 0.4999 | D8: 0.0396 | E8: 5.0785 | F8: 0.0095 | G8: 0.1015 | H8: =Runtime!R7 | I8: =IF(OR(D8="",D$5=""),"",D8/D$5-1) | J8: =IF(OR(E8="",E$5=""),"",E8/E$5-1) | K8: =IF(OR(G8="",G$5=""),"",G8/G$5-1) | L8: Signed zero-centred display: edges only, tissue contrast lost; entropy 5.08 (negative baseline) | M8: 0.0021 | N8: 0.0328
A9: Chest | B9: Fourier HFE (final) | C9: 0.3461 | D9: 0.2239 | E9: 6.9564 | F9: 0.0084 | G9: 0.0909 | H9: =Runtime!R8 | I9: =IF(OR(D9="",D$5=""),"",D9/D$5-1) | J9: =IF(OR(E9="",E$5=""),"",E9/E$5-1) | K9: =IF(OR(G9="",G$5=""),"",G9/G$5-1) | L9: Pure Fourier + min-max scaling: ribs sharper, modest gain only; linear filter cannot lift dark lungs | M9: 0.0016 | N9: 0.0214
A10: Chest | B10: Homomorphic | C10: 0.4115 | D10: 0.164 | E10: 6.883 | F10: 0.01 | G10: 0.1079 | H10: =Runtime!R9 | I10: =IF(OR(D10="",D$5=""),"",D10/D$5-1) | J10: =IF(OR(E10="",E$5=""),"",E10/E$5-1) | K10: =IF(OR(G10="",G$5=""),"",G10/G$5-1) | L10: Classical exp output; flatter illumination, lower contrast, noise x3 vs original | M10: 0.0019 | N10: 0.0278
A11: Chest | B11: Hybrid 1 (sequential) | C11: 0.4079 | D11: 0.2994 | E11: 7.8229 | F11: 0.0092 | G11: 0.1032 | H11: =Runtime!R10 | I11: =IF(OR(D11="",D$5=""),"",D11/D$5-1) | J11: =IF(OR(E11="",E$5=""),"",E11/E$5-1) | K11: =IF(OR(G11="",G$5=""),"",G11/G$5-1) | L11: Best overall: highest entropy and contrast, noise below spatial; faint residual banding in lungs | M11: 0.0014 | N11: 0.0153
A12: Chest | B12: Hybrid 2 (fusion) | C12: 0.3523 | D12: 0.2608 | E12: 7.4725 | F12: 0.0073 | G12: 0.0806 | H12: =Runtime!R11 | I12: =IF(OR(D12="",D$5=""),"",D12/D$5-1) | J12: =IF(OR(E12="",E$5=""),"",E12/E$5-1) | K12: =IF(OR(G12="",G$5=""),"",G12/G$5-1) | L12: Smooth and natural; slightly less detail than Hybrid 1 | M12: 0.0013 | N12: 0.0094
A14: Skeleton | B14: Original | C14: 0.0812 | D14: 0.1092 | E14: 5.1092 | F14: 0.0039 | G14: 0.041 | H14: n/a | I14: n/a | J14: n/a | K14: n/a | M14: 0.0008 | N14: 0.003
A15: Skeleton | B15: Histogram equalization | C15: 0.5442 | D15: 0.2385 | E15: 4.9495 | F15: 0.0125 | G15: 0.1257 | H15: =Runtime!R12 | I15: =IF(OR(D15="",D$14=""),"",D15/D$14-1) | J15: =IF(OR(E15="",E$14=""),"",E15/E$14-1) | K15: =IF(OR(G15="",G$14=""),"",G15/G$14-1) | L15: Background lifted to grey, hot spots saturate, contouring at body edge | M15: 0.0037 | N15: 0.0575
A16: Skeleton | B16: Spatial (final) | C16: 0.255 | D16: 0.2067 | E16: 6.4947 | F16: 0.0099 | G16: 0.1027 | H16: =Runtime!R13 | I16: =IF(OR(D16="",D$14=""),"",D16/D$14-1) | J16: =IF(OR(E16="",E$14=""),"",E16/E$14-1) | K16: =IF(OR(G16="",G$14=""),"",G16/G$14-1) | L16: Best natural look: organs, spine, pelvis visible, dark background, highest std among final methods | M16: 0.0015 | N16: 0.0241
A17: Skeleton | B17: Gaussian high-pass | C17: 0.5002 | D17: 0.029 | E17: 3.9829 | F17: 0.0053 | G17: 0.0536 | H17: =Runtime!R14 | I17: =IF(OR(D17="",D$14=""),"",D17/D$14-1) | J17: =IF(OR(E17="",E$14=""),"",E17/E$14-1) | K17: =IF(OR(G17="",G$14=""),"",G17/G$14-1) | L17: Grey edge map, entropy 3.98; not usable | M17: 0.0015 | N17: 0.0112
A18: Skeleton | B18: Fourier HFE (final) | C18: 0.1348 | D18: 0.0769 | E18: 4.9053 | F18: 0.0056 | G18: 0.058 | H18: =Runtime!R15 | I18: =IF(OR(D18="",D$14=""),"",D18/D$14-1) | J18: =IF(OR(E18="",E$14=""),"",E18/E$14-1) | K18: =IF(OR(G18="",G$14=""),"",G18/G$14-1) | L18: Pure Fourier + min-max: sharper spine/pelvis edges but stays dim; no ringing after border removal | M18: 0.0014 | N18: 0.0113
A19: Skeleton | B19: Homomorphic | C19: 0.1176 | D19: 0.0679 | E19: 5.0183 | F19: 0.0068 | G19: 0.068 | H19: =Runtime!R16 | I19: =IF(OR(D19="",D$14=""),"",D19/D$14-1) | J19: =IF(OR(E19="",E$14=""),"",E19/E$14-1) | K19: =IF(OR(G19="",G$14=""),"",G19/G$14-1) | L19: Classical exp output: dim, heavy-tailed due to hot spots | M19: 0.0016 | N19: 0.0105
A20: Skeleton | B20: Hybrid 1 (sequential) | C20: 0.3061 | D20: 0.208 | E20: 6.9377 | F20: 0.0159 | G20: 0.1679 | H20: =Runtime!R17 | I20: =IF(OR(D20="",D$14=""),"",D20/D$14-1) | J20: =IF(OR(E20="",E$14=""),"",E20/E$14-1) | K20: =IF(OR(G20="",G$14=""),"",G20/G$14-1) | L20: Highest edge metrics but edge density 0.0858 (~29x original): over-enhancement; not preferred | M20: 0.0023 | N20: 0.0858
A21: Skeleton | B21: Hybrid 2 (fusion) | C21: 0.2069 | D21: 0.1524 | E21: 6.1413 | F21: 0.008 | G21: 0.0828 | H21: =Runtime!R18 | I21: =IF(OR(D21="",D$14=""),"",D21/D$14-1) | J21: =IF(OR(E21="",E$14=""),"",E21/E$14-1) | K21: =IF(OR(G21="",G$14=""),"",G21/G$14-1) | L21: Clean compromise; lowest noise among enhanced outputs (0.0011) | M21: 0.0011 | N21: 0.0166
A23: Notes: Entropy, gradient and Tenengrad also rise with noise, so use them to shortlist only. PSNR/SSIM against the original measure degree of modification, not enhancement quality. Intensities assumed normalized to [0,1]. All values produced from the official Chest.bmp / Skeleton.bmp inputs.

Sheet Metric Guide
A1: What Each Metric Means
A3: Measure | B3: What it indicates | C3: Important limitation
A4: Mean / std dev | B4: Brightness and global contrast | C4: Higher contrast is not always better
A5: RMS contrast | B5: Overall intensity variation | C5: Can increase due to noise
A6: Entropy | B6: Spread of intensity information | C6: Noise also increases entropy
A7: Average gradient | B7: Local detail and sharpness | C7: Can reward noise
A8: Tenengrad / Sobel edge strength | B8: Edge visibility | C8: Over-sharpening scores highly
A9: Edge density | B9: Number of visible edge pixels | C9: Highly threshold-dependent
A10: Runtime | B10: Computational efficiency | C10: Depends on implementation and hardware
A11: PSNR / SSIM vs original | B11: Degree of modification only | C11: Not valid proof of better enhancement (no reference image)

Sheet Checklist
A1: Task Checklist (Due Sunday 4 Oct 2026, 50 marks)
A2: Late penalty: 10 marks/day. Set Status to Done as you finish; progress is calculated.
A4: # | B4: Task | C4: Owner | D4: Target date | E4: Status
A5: 1 | B5: Shared code: load_image, normalization, compute_metrics, timing, plot_results | C5: Maheen / Zimal / Nida | D5: 4 Oct 2026 | E5: Done
A6: 2 | B6: Spatial pipeline (a) + HE baseline | C6: Maheen / Zimal / Nida | D6: 4 Oct 2026 | E6: Done
A7: 3 | B7: Fourier: spectrum, filter masks, high-pass baseline, HFE (b) | C7: Maheen / Zimal / Nida | D7: 4 Oct 2026 | E7: Done
A8: 4 | B8: Homomorphic filter experiment | C8: Maheen / Zimal / Nida | D8: 4 Oct 2026 | E8: Done
A9: 5 | B9: Hybrid 1 sequential + Hybrid 2 fusion (c) | C9: Maheen / Zimal / Nida | D9: 4 Oct 2026 | E9: Done
A10: 6 | B10: Parameter sweeps for both images | C10: Maheen / Zimal / Nida | D10: 4 Oct 2026 | E10: Done
A11: 7 | B11: Export full-resolution results and zoomed crops | C11: Maheen / Zimal / Nida | D11: 4 Oct 2026 | E11: Done
A12: 8 | B12: Fill Metrics and Runtime sheets | C12: Maheen / Zimal / Nida | D12: 4 Oct 2026 | E12: Done
A13: 9 | B13: Write analysis (d): artifacts, trade-offs, why metrics can mislead | C13: Maheen / Zimal / Nida | D13: 4 Oct 2026 | E13: Done
A14: 10 | B14: Assemble Word report with figures, comments, references | C14: Maheen / Zimal / Nida | D14: 4 Oct 2026 | E14: Done
A15: 11 | B15: Comment code; save as separate .py files | C15: Maheen / Zimal / Nida | D15: 4 Oct 2026 | E15: Done
A16: 12 | B16: Upload report + code to LMS | C16: Maheen / Zimal / Nida | D16: 4 Oct 2026 | E16: In progress
B18: Tasks done | C18: =COUNTIF(E5:E16,"Done")
B19: Progress | C19: =C18/COUNTA(B5:B16)
B21: Status options: Not started / In progress / Done

Sheet Change Log
A1: Review Fixes Applied (final run)
A3: # | B3: Issue | C3: Fix applied | D3: Effect
A4: 1 | B4: Fourier-only outputs used percentile stretching (a spatial point operation) | C4: Fourier-only methods now use min-max visualization scaling only; high-pass uses a signed zero-centred display | D4: Fourier-only results are weaker (honest result of linear filtering); percentile stretch kept only inside hybrids
A5: 2 | B5: Homomorphic default was not the classical form | C5: Fourier-only row uses classical exp(IDFT{H*DFT{log(f+eps)}})-eps with min-max scaling; hybrids use a modified log-domain variant, labelled as such | D5: Naming and theory now consistent
A6: 3 | B6: Stage figure omitted Chest pre-smoothing | C6: Stage figure now includes pre-smoothing, denoise and unsharp as separate stages, and asserts it equals spatial_enhance() | D6: Figure reproduces the actual pipeline
A7: 4 | B7: Input files contain a 1-4 px white frame | C7: load_image() strips saturated edge rows/columns automatically | D7: Removed edge-line artifacts and inflated edge metrics on the original; Skeleton Hybrid 1 retuned (it over-enhanced)
A8: 5 | B8: BMP vs JPG | C8: Loader prefers .bmp, then .jpg/.png; all results, figures and report tables regenerated from the official Chest.bmp / Skeleton.bmp | D8: Done. Earlier numbers came from JPEG copies; conclusions unchanged, but Chest noise percentages shifted (the BMP original is cleaner) and the spatial vs HFE noise ordering swapped. No 8x8 blocking exists in the BMPs.
A9: 6 | B9: Hybrid 2 runtime ambiguity | C9: Runtime sheet shows end-to-end cost (spatial + Fourier + fusion) as the median of the per-run totals; fusion-only cost in runtimes_ms.json | D9: Both reported; 15 runs per median; report table and metrics.csv now agree
A10: 7 | B10: sweeps.csv params contained commas | C10: Separator changed to semicolons (file was valid, now robust) | D10: Safe in any parser
A11: 8 | B11: Dark-region artifact was attributed to JPEG 8x8 blocking | C11: Re-measured on the BMPs: no 8x8 periodicity. Real cause is palette quantisation (219 grey levels; ~20 in the darkest 40% of Chest, ~9 in Skeleton) | D11: spatial.py, report and this workbook now describe it as posterisation/contour banding
A12: 9 | B12: results/ held two figures from an older code revision | C12: Deleted Chest_a_spatial_stages.png and Skeleton_a_spatial_stages.png; current figure is *_a_stages.png | D12: results/ now matches exactly what main.py produces
